ap,map
0.24045433111706793,0.024045433111706795
