ap,map
0.18306202909957853,0.018306202909957853
